Американская литература	Античная литература	Британская литература	Европейская литература	Латиноамериканская литература	Прочая восточная литература	Прочая европейская литература	Прочая литература	Русская литература	Скандинавская литература
долларов	:	владимир	стал	сантьяго	словно	затем	столицу	иван	томас
г.	пусть	стивен	слишком	студент	?	священник	подруга	москве	замок
тома	раб	это	полиции	одной	своё	действительно	сын	рублей	пеппи
отправляется	!	орр	кафе	хор	отца	мадам	жены	россии	приходит
часть	зевс	мэри	рим	глава	войско	становится	мужчина	неожиданно	нему
друг	это	венди	франции	книги	лишь	клара	император	москву	королевы
иуда	боги	оказывается	стены	мария	красавица	гвидо	жену	петербург	храм
хотя	оказывается	доктора	книга	становится	попросил	тереза	мальчика	русского	кристин
сквозь	богов	который	париж	это	послание	старик	царя	алексей	которую
пока	море	брат	власти	оказывается	велел	ребёнок	царь	петр	знает
является	корабль	труда	лорд	одном	путь	те	реки	принцесса	несколько
четыре	нам	томми	какой-то	против	предложил	тех	детектив	русской	пусть
пример	дом	кристин	шляпу	ночи	свой	вместе	противника	петровна	принца
следует	отец	дома	профессора	уйти	навстречу	руки	старец	вася	своё
кажется	сцене	делает	миссис	выходит	коня	моря	пишет	россию	свой
всё	неё	фрэнк	увидела	книгу	племени	филипп	государь	ходит	сердце
вернуться	рассказывает	должен	животных	ральф	письмо	суд	правитель	ивана	невесты
имя	лишь	другом	слуга	происходит	лицо	дядя	леон	плачет	общества
затем	)	квентин	заявил	могут	прибыл	также	юноша	ребята	умер
дверь	сперва	доктору	постепенно	надеется	нему	адвокат	ральф	всё	короля
